{
  "H": [
    [
      0.6704756993179938,
      0.28243239861050035,
      -682.3063965282241
    ],
    [
      0.3345235401046718,
      -0.05127840431476293,
      -166.17607399256565
    ],
    [
      -0.000567016583055302,
      0.0016182188199469437,
      1.0
    ]
  ],
  "camera": "camA",
  "markers_used": [
    23
  ]
}